" The customer does not exist in the system anymore.","未找到该客户的信息"
" [deleted]"," [已删除]"
" and "," 并且 "
"%s (Default Template from Locale)","%s (地区默认模板)"
"%s cache type(s) disabled.","%s 个缓存类型已禁用."
"%s cache type(s) enabled.","%s 个缓存已启用."
"%s cache type(s) refreshed.","%s 个缓存已刷新."
"(For Type ""Local Server"" need to use relative path to Magento install var/export or var/import, e.g. var/export, var/import, var/export/some/dir, var/import/some/dir)","(对于 ""Local Server"" 类型需要使用到 Magento install var/export or var/import 的相对路径, 例如 var/export, var/import, var/export/some/dir, var/import/some/dir)"
"(For US 2-letter state names)","(用于美国两个字母代表州的名称)"
"(If left empty will be auto-generated)","(如果留空将自动生成)"
"(Leave empty for first spreadsheet)","(第一个表格可留空)"
"(Products will be added/updated to this store if 'store' column is blank or missing in the import file.)","(如果店铺一栏为空或在导入的文件中不存在，则产品被添加/更新到该店铺中。)"
"(Shift-)Click or drag to change value","(Shift-)点击或拖拽即可更改值"
"(Starting with)","(始于)"
"(When 'No', only mapped fields will be imported. When mapping, use 'column1', 'column2', etc.)","(如果为 'No', 则只有映射的文件会被导入. 在映射时, 使用 'column1', 'column2', 等。)"
"(You have to increase php memory_limit before changing this value)","(修改该值之前您必须要增大php配置中的memory_limit)"
"(\\t for tab)","(\\t 可贷款选项卡)"
"* - If indexing is in progress, it will be killed and new indexing process will start.","* - 如果正在创建索引，则会被停止并重新开始新的索引进程。"
"* Required Fields","* 必选"
"- Click on any of the time parts to increase it","- 点击任意部分即可更改"
"- Hold mouse button on any of the above buttons for faster selection.","- 按住鼠标可快速选择"
"- Use the %s buttons to select month","- 使用 %s 按钮选择月份"
"- Use the %s, %s buttons to select month","- 使用 %s, %s 按钮选择月份"
"- Use the %s, %s buttons to select year","- 使用 %s, %s 按钮选择年份"
"- or Shift-click to decrease it","- 或按住Shift键并单击，以减少它"
"- or click and drag for faster selection.","- 或点击并拖拽以快速选中"
"-- Not Selected --","-- 未选择 --"
"-- Please Select --","-- 请选择 --"
"-- Please Select Billing Agreement--","-- 请选择账单协议--"
"-- Please Select a Category --","-- 请选择分类 --"
"-- Please select --","-- 请选择 --"
"--Please Select--","--请选择--"
"1 Hour","1 小时"
"12 Hours","12 小时"
"12h AM/PM","12h AM/PM"
"2 Hours","2 小时"
"24 Hours","24 小时"
"24h","24h"
"2YTD","2YTD"
"6 Hours","6 小时"
"<h1 class=""page-heading"">404 Error</h1><p>Page not found.</p>","<h1 class=""page-heading"">404 Error</h1><p>Page not found.</p>"
"<strong>%s</strong> requests access to your account","<strong>%s</strong> 请求访问您的帐户"
"<strong>Attention</strong>: Captcha is case sensitive.","<strong>注意</strong>: 验证码区分大小写"
"A user with the same user name or email aleady exists.","用户名或邮箱已经存在"
"API Key","API Key"
"API Key Confirmation","API Key Confirmation"
"ASCII","ASCII"
"Abandoned Carts","清空购物车"
"About the calendar","关于日历"
"Access Denied","访问被拒绝"
"Access denied","访问被拒绝"
"Access denied.","访问被拒绝。"
"Account Created in:","账户创建于:"
"Account Created on (%s):","账户创建于 (%s):"
"Account Created on:","账户创建于:"
"Account Information","账户信息"
"Account Status","账户状态"
"Account status","账户状态"
"Action","操作"
"Actions","操作"
"Actions XML","操作 XML"
"Active","活动"
"Add","添加"
"Add Exception","添加例外"
"Add Field Mapping","添加映射"
"Add Field with URL:","添加URL字段:"
"Add New","添加新内容"
"Add New Block","添加页面块"
"Add New Image","添加新图像"
"Add New Profile","添加新配置文件"
"Add New Role","添加新角色"
"Add New Template","添加新模板"
"Add New URL Rewrite","添加新URL重写规则"
"Add New User","添加新用户"
"Add New Variable","添加变量"
"Add Products","添加产品"
"Add URL Rewrite","添加URL重写"
"Add URL Rewrite for a Category","添加分类URL重写"
"Add URL Rewrite for a Product","添加产品URL重写"
"Add after","随后添加"
"Add new variable","添加变量"
"Add to category","添加到分类"
"Additional Cache Management","额外的缓存管理"
"Address Type:","地址类型:"
"Admin","管理员"
"Advanced Admin Section","高级管理区域"
"Advanced Profiles","高级配置"
"Advanced Section","高级区域"
"After authorization application will have access to you account.","在授权之后，应用程序将可以访问您的帐户。"
"All","全部"
"All Allowed Countries","所有允许的国家"
"All Cache","所有缓存"
"All Files","所有文件"
"All Reviews","所有评测"
"All Store Views","所有店铺视图"
"All Storefronts","所有店铺"
"All Tags","所有标签"
"All Websites","所有网站"
"All countries","所有国家"
"All fields","所有字段"
"All possible rates were fetched, please click on ""Save"" to apply","将自动获取所有肯的费率，请点击 ""保存"" 以应用"
"All rates were fetched, please click on ""Save"" to apply","所有费率已获取，请单击 ""保存"" 已应用"
"All valid rates have been saved.","已保存所有有效的汇率。"
"Allowed","允许"
"Already in category","分类中已存在"
"Always (during development)","总是 (开发过程中)"
"Amounts","数量"
"An error has occured while syncronizing media storages.","同步媒体存储时出错。"
"An error occurred while clearing the JavaScript/CSS cache.","清理JavaScript/CSS缓存时出错。"
"An error occurred while clearing the configurable swatches image cache.","清理配置样本图像时出错。"
"An error occurred while clearing the image cache.","清理图片缓存时出错。"
"An error occurred while deleting URL Rewrite.","删除URL重写时出错。"
"An error occurred while deleting email template data. Please review log and try again.","删除邮件模板时出错，请查看日志并重试。"
"An error occurred while deleting record(s).","删除记录时出错。"
"An error occurred while deleting this role.","删除该角色时出错。"
"An error occurred while deleting this set.","删除该集合时出错。"
"An error occurred while deleting this template.","删除该模板时出错。"
"An error occurred while finishing process. Please refresh the cache","结束进程时出错。 请刷新缓存。"
"An error occurred while rebuilding the CatalogInventory Stock Status.","重建库存状态时出错。"
"An error occurred while rebuilding the catalog index.","重建目录索引时出错。"
"An error occurred while rebuilding the flat catalog category.","重建平面目录类别时出错。"
"An error occurred while rebuilding the flat product catalog.","重建平面产品目录时出错。"
"An error occurred while rebuilding the search index.","重建搜索索引时出错。"
"An error occurred while refreshing roles.","刷新角色时出错。"
"An error occurred while refreshing the Catalog Rewrites.","刷新分类重写时出错。"
"An error occurred while refreshing the Layered Navigation indices.","刷新导航索引时出错。"
"An error occurred while refreshing the catalog rewrites.","刷新分类重写时出错。"
"An error occurred while refreshing the layered navigation indices.","刷新导航索引时出错。"
"An error occurred while saving URL Rewrite.","保存URL重写时出错。"
"An error occurred while saving account.","保存账户时出错。"
"An error occurred while saving review.","保存评价时出错。"
"An error occurred while saving the customer.","保存客户时出错。"
"An error occurred while saving this configuration:","保存该配置时出错:"
"An error occurred while saving this role.","保存该角色时出错。"
"An error occurred while saving this template.","保存该模板是出错。"
"An error occurred while updating the selected review(s).","更新所选评测时出错。"
"Any","任意"
"Any Attribute Set","任意属性集"
"Any Group","任意组"
"Any Status","任何状态"
"Any Store","任何店铺"
"Any Type","任意类型"
"Any Visibility","任意可见性"
"Any data created since the backup was made will be lost including admin users, customers and orders.","备份完成前创建的管理员用户，顾客，以及订单都将丢失。"
"Archive file name:","存档文件名:"
"Are you sure that you want to delete this template?","确定删除这个模板吗?"
"Are you sure that you want to strip tags?","确定取消这个标签吗?"
"Are you sure you want to do this?","您是否确认要这样做?"
"Are you sure you want to proceed?","是否确定继续?"
"Area","区域"
"As low as:","低至:"
"Assigned","已分配"
"Associated Tags","已关联标签"
"Attribute Set Name:","属性集名称:"
"Attributes","属性"
"Authorization confirmed","授权成功"
"Authorize","授权"
"Authorize application","授权应用"
"Authorized OAuth Tokens","Authorized OAuth Tokens"
"Automatic (equalize price ranges)","Automatic (equalize price ranges)"
"Automatic (equalize product counts)","Automatic (equalize product counts)"
"Average Order Amount","平均订单量"
"Average Orders","平均订单"
"BINARY","二进制"
"Back","返回"
"Back to Login","返回登录"
"Backup","备份"
"Backup Name","备份名称"
"Backup options","备份选项"
"Backups","备份"
"Base currency","基准货币"
"Bcc","Bcc"
"Bestsellers","畅销商品"
"Billing Address","账单地址"
"Billing Address: ","账单地址: "
"Billing Agreement","账单协议"
"Billing Agreements","账单协议"
"Block Details","区块详细"
"Block Information","区块信息"
"Block Name","区块名称"
"Block Name is incorrect.","区块名称不正确。"
"Block Name is required field.","区块名称必填"
"Block has been deleted.","区块已被删除"
"Blocks","块"
"Both (without and with tax)","都有 (含税和不含税)"
"Both IPN and PDT","Both IPN and PDT"
"Browse Files...","浏览文件..."
"Bundle with dynamic pricing cannot include custom defined options. Options will not be saved.","与动态价的绑定不能包含自定义选项。选项将无法保存。"
"CMS","CMS"
"CRITICAL","重要"
"CSV","CSV"
"CSV / Tab separated","CSV / Tab 分隔"
"Cache Control","缓存控制"
"Cache Control (beta)","缓存控制 (测试版)"
"Cache Management","缓存管理"
"Cache Type","缓存类型"
"Cancel","取消"
"Cancel detach","取消分离"
"Cannot add new comment.","无法添加新评论。"
"Cannot add tracking number.","无法添加追踪编号。"
"Cannot create an invoice without products.","不能创建没有产品的发票。"
"Cannot create credit memo for the order.","无法为该订单创建信用记录。"
"Cannot delete the design change.","无法删除该设计变动。"
"Cannot delete tracking number.","无法删除追踪编号。"
"Cannot do shipment for the order separately from invoice.","无法将产品和发票分开发送。"
"Cannot do shipment for the order.","该订单无法发货。"
"Cannot initialize shipment for adding tracking number.","无法初始化订单以添加追踪编号。"
"Cannot initialize shipment for delete tracking number.","无法初始化订单以删除追踪编号。"
"Cannot load track with retrieving identifier.","无法获取的标识符加载追踪。"
"Cannot retrieve tracking number detail.","无法获取追踪编号详情。"
"Cannot save shipment.","无法保存运送。"
"Cannot save the credit memo.","无法保持付款通知。"
"Cannot send shipment information.","不能发送货物信息。"
"Cannot update item quantity.","无法更新商品数量。"
"Cannot update the item\'s quantity.","无法更新商品数量。"
"Card Verification Number","信用卡校验码"
"Catalog","分类"
"Catalog Price Rules","分类价格规则"
"Catalog Rewrites","目录重写"
"Categories","分类"
"Category","分类"
"Category:","分类:"
"Chart is disabled. If you want to enable chart, click <a href=""%s"">here</a>.","图表被禁用, 点击 <a href=""%s"">这里</a>启用图表。"
"Checkbox","多选"
"Child Transactions","子交易"
"Choose Store View:","选择店铺视图:"
"Choose an attribute","选择一个属性"
"Chosen category does not associated with any website, so url rewrite is not possible.","所选分类没有关联给任何网站，因此URL重写不可用。"
"Chosen product does not associated with any website, so url rewrite is not possible.","所选产品没有关联给任何网站，因此URL重写不可用。"
"Clear","清空"
"Close","关闭"
"Code","代码"
"Comment text field cannot be empty.","评论内容不能为空。"
"Complete","完成"
"Config form fieldset clone model required to be able to clone fields","配置表单只能包含可以被复制的字段"
"Configuration","配置"
"Confirm New Password","确认新密码"
"Confirm token authorization Pop Up for admin","确认管理员授权令牌（弹出窗口）"
"Confirm token authorization for admin","确认管理员授权令牌"
"Confirmation Of Authorization","授权确认"
"Confirmed email:","已确认的电子邮件:"
"Connect with the Magento Community","Connect with the Magento Community"
"Continue","继续"
"Convert to Plain Text","转换为纯文本"
"Cookie (unsafe)","Cookie (不安全)"
"Country","国家"
"Country:","国家:"
"Coupons","优惠劵"
"Create","创建"
"Create DB Backup","创建数据库备份"
"Create New Attribute","创建新属性"
"Create URL Rewrite:","创建URL重写:"
"Created At","创建于"
"Creation date","创建日期"
"Credit Card %s","信用卡 %s"
"Credit Card Number","信用卡卡号"
"Credit Card Number: xxxx-%s","信用卡卡号: xxxx-%s"
"Credit Card Type","信用卡类型"
"Credit Card Type: %s","信用卡类型: %s"
"Credit Memo History","信用记录"
"Credit Memo Totals","信用记录总计"
"Credit Memos","信用记录"
"Credit memo #%s comment added","信用记录 #%s 评论已添加"
"Credit memo #%s created","信用记录 #%s 已创建"
"Credit memo\'s total must be positive.","信用记录的总数必须为正整数。"
"Currency","币种"
"Currency ""%s"" is used as %s in %s.","货币 ""%s"" 被用作 %s 中的 %s."
"Currency Information","币种信息"
"Currency Setup Section","货币设置"
"Current Admin Password","管理员密码"
"Current Configuration Scope:","当前配置范围:"
"Current Month","当前月份"
"Custom","自定义"
"Custom Variable ""%s""","自定义变量 ""%s"""
"Custom Variables","自定义变量"
"Customer","顾客"
"Customer Group:","顾客组:"
"Customer Groups","顾客组"
"Customer Name","顾客姓名"
"Customer Reviews","用户评论"
"Customer Shopping Carts","购物车"
"Customer Since:","注册日期:"
"Customer Tax Classes","客户税率"
"Customer with the same email already exists.","已存在具有相同电子邮件的顾客。"
"Customers","顾客"
"Customers by Number of Orders","按订单编号排列顾客"
"Customers by Orders Total","按订单数量排列顾客"
"DHTML Date/Time Selector","DHTML 日期/时间选择器"
"Dashboard","仪表板"
"Data Format","数据格式"
"Data transfer:","数据传输:"
"Database","数据库"
"Dataflow - Advanced Profiles","数据流 - 高级配置"
"Dataflow - Profiles","数据流 - 基本配置"
"Date","日期"
"Date & Time","日期 & 时间"
"Date Added","添加日期"
"Date Updated","更新日期"
"Date selection:","选择日期:"
"Date selector","日期选择器"
"Day","天"
"Decimal separator:","小数点分隔符:"
"Default (Admin) Values","默认（管理）值"
"Default Billing Address","默认账单地址"
"Default Config","默认配置"
"Default Template from Locale","从区域设置的默认模板"
"Default Values","默认值"
"Default display currency ""%s"" is not available in allowed currencies.","默认显示的币种 ""%s"" 不在允许使用范围内。"
"Default scope","默认范围"
"Delete","删除"
"Delete %s","删除 %s"
"Delete %s '%s'","删除 %s '%s'"
"Delete Block","删除块"
"Delete File","删除文件"
"Delete Image","删除图片"
"Delete Profile","删除配置文件"
"Delete Role","删除角色"
"Delete Store","删除店铺"
"Delete Store View","删除店铺视图"
"Delete Template","删除模板"
"Delete User","删除用户"
"Delete Variable","删除变量"
"Delete Website","删除网站"
"Description","描述"
"Design","设计"
"Design Section","设计区域"
"Detach from category","脱离类别"
"Details","详情"
"Developer Section","开发者"
"Direction:","用法说明:"
"Disable","禁用"
"Disabled","已禁用"
"Display %s first","显示前 %s 个"
"Display default currency","显示默认的货币"
"Distributed under GNU LGPL. See %s for details.","协议 GNU LGPL. 详情参考 %s "
"Do you really want to KILL parallel process and start new indexing process?","您真的要终止并发进程并启动新的索引进程吗?"
"Do you really want to proceed?","你真的想要继续吗?"
"Download","下载"
"Download SKUs","下载 SKUs"
"Downloads","下载"
"Drag to move","拖动"
"Drop-down","下拉菜单"
"Edit","编辑"
"Edit Block","编辑块"
"Edit Block '%s'","编辑块 '%s'"
"Edit Design Change","修改界面设计"
"Edit Email Template","编辑邮件模板"
"Edit Order","编辑订单"
"Edit Poll","编辑投票"
"Edit Queue","编辑队列"
"Edit Review","编辑评论"
"Edit Role","编辑角色"
"Edit Store View","编辑店铺视图"
"Edit System Template","编辑系统模板"
"Edit Template","编辑模板"
"Edit URL Rewrite","编辑URL重写规则"
"Edit User","编辑用户"
"Edit User '%s'","编辑用户 '%s'"
"Edit Variable","编辑变量"
"Edit Variable '%s'","编辑变量 '%s'"
"Edit Website","编辑网站"
"Email","邮箱"
"Email Address:","邮箱地址:"
"Email to a Friend","发送邮件给朋友"
"Email:","邮箱:"
"Enable","启用"
"Enabled","已启用"
"Enclose Values In:","包含值:"
"Enter a comma separated list of SKUs that will always be displayed at the top of your category","输入一个逗号分隔的SKUs列表，它将会一直显示在顶部的类别中"
"Entity Attributes","实体属性"
"Entity Type","实体类型"
"Entity type:","实体类型:"
"Error","错误"
"Excel XML","Excel XML"
"Excl. Tax","不含税"
"Excl. Tax:","不含税:"
"Exclude media folder from backup","不备份媒体文件"
"Expiration Date","有效期限"
"Expiration Date: %s/%s","有效期限: %s/%s"
"Export","导出"
"Export CSV","导出 CSV"
"Export Filters","导出筛选器"
"Export to:","导出到:"
"Export:","导出:"
"FTP Host","FTP Host"
"FTP Host[:Port]","FTP Host[:Port]"
"FTP Login","FTP Login"
"FTP Password","FTP Password"
"FTP credentials","FTP credentials"
"Failed","失败"
"Failed to add a product to cart by id ""%s"".","按照编号 ""%s"" 向购物车添加商品时失败。"
"Failed to cancel the billing agreement.","取消账单协议失败。"
"Failed to clear the JavaScript/CSS cache.","清空JavaScript/CSS缓存失败。"
"Failed to delete the billing agreement.","删除账单协议失败。"
"Failed to update the profile.","更新配置文件失败。"
"Field","字段"
"Field Mapping","字段映射"
"File","文件"
"File Information","文件信息"
"File System","文件系统"
"File mode","文件模式"
"File name:","文件名:"
"File size should be more than 0 bytes","文件大小应该超过0字节"
"Finished profile execution.","配置文件执行完毕。"
"First Invoice Created Date","第一次发票创建时间"
"First Name","姓"
"First Name is required field.","姓必须提供"
"First Name:","姓:"
"Fixed","固定"
"Flush Catalog Images Cache","刷新分类图片缓存"
"Flush JavaScript/CSS Cache","刷新 JavaScript/CSS 缓存"
"Flush Swatch Images Cache","刷新样板图片缓存"
"For category","用于分类"
"For latest version visit: %s","获取最新版本: %s"
"For product","用于产品"
"Forgot Admin Password","忘记管理员密码"
"Forgot your password?","忘记密码?"
"Forgot your user name or password?","忘记了用户名或密码?"
"From","来自"
"GLOBAL","全局"
"Gb","Gb"
"General Information","基本信息"
"General Section","通用"
"Get Image Base64","Get Image Base64"
"Get help for this page","获取有关本页面的帮助"
"Give the verifier code to application administrator","给应用管理员的验证码"
"Global Attribute","管局属性"
"Global Record Search","全局记录搜索"
"Global Search","全局搜索"
"Go Today","跳转到今天"
"Go to Top","返回顶部"
"Go to messages inbox","进去收件箱"
"Go to notifications","打开通知"
"Google Base","Google Base"
"Google Content","Google Content"
"Google Sitemaps","Google Sitemaps"
"Grand Total","总数"
"Grid (default) / List","网格 (默认) / 列表"
"Grid Only","仅网格"
"Group:","组:"
"Guest","访客"
"HTTP (unsecure)","HTTP (不安全)"
"HTTPS (SSL)","HTTPS (SSL)"
"Help Us Keep Magento Healthy - Report All Bugs","帮助我们 - 汇报BUG"
"Helper attributes should not be used in custom layout updates.","自定义布局更新时不能使用Helper属性。"
"Helper for options rendering doesn't implement required interface.","渲染选项的Helper无法在不使用界面是实施。"
"Hero Products","旗舰产品"
"Home","主页"
"ID","ID"
"ID Path","ID 路径"
"IP Address","IP 地址"
"IPN (Instant Payment Notification) Only","仅 IPN (即时支付通知)"
"Id","Id"
"If there is an account associated with %s you will receive an email with a link to reset your password.","如果有关联给 %s 的账户，您将收到一封包含重设密码链接的邮件。"
"If this message persists, please contact the store owner.","如果此问题持续存在，请联系店铺经营者."
"If you do not specify an option value for a specific store view then the default (Admin) value will be used.","如果不指定一个店铺视图，将会使用系统默认的视图。"
"Images (.gif, .jpg, .png)","图片 (.gif, .jpg, .png)"
"Images Cache","图片缓存"
"Import","导入"
"Import Service","导入服务"
"Import and Export","导入 / 导出"
"Import and Export Tax Rates","导入/导出 税率"
"Import/Export","导入/导出"
"Import/Export Advanced","高级导入/导出"
"Import/Export Profile","导入/导出 配置文件"
"Important: ","重要: "
"Imported <strong>%s</strong> records","导入 <strong>%s</strong> 条记录"
"In","位于"
"In Database:","在数据库:"
"In File:","在文件:"
"Inactive","未激活"
"Incl. Tax","含税"
"Incl. Tax:","含税:"
"Incoming Message","收到新消息"
"Insert Variable...","插入变量..."
"Interactive","交互"
"Interface Locale: %s","界面语言: %s"
"Invalid Form Key. Please refresh the page.","无效表单密匙，请刷新页面。"
"Invalid Import Service Specified","指定的导入服务不正确"
"Invalid POST data (please check post_max_size and upload_max_filesize settings in your php.ini file).","POST数据无效，请检查php.ini文件中的post_max_size与upload_max_filesize设置。"
"Invalid Secret Key. Please refresh the page.","密匙无效，请刷新页面。"
"Invalid User Name or Password.","无效的用户名或密码。"
"Invalid data","无效数据"
"Invalid directory: %s","无效目录: %s"
"Invalid email address ""%s"".","邮箱格式错误 ""%s""."
"Invalid email address.","邮箱格式错误."
"Invalid file: %s","文件格式错误: %s"
"Invalid input data for %s => %s rate","%s 的输入数据无效 => %s"
"Invalid parent block for this block","该块的父块无效"
"Invalid parent block for this block.","该块的父块无效"
"Invalid password reset token.","密码重置令牌失效。"
"Invalid response","响应无效"
"Invalid sender name ""%s"". Please use only visible characters and spaces.","发送方姓名 ""%s"" 无效. 请仅使用可见字符和空格。"
"Invalid timezone","时区无效"
"Invalidated","已失效"
"Inventory Stock Status","库存状态"
"Invoice #%s comment added","发票 #%s 的评论已添加"
"Invoice #%s created","发票 #%s 已创建"
"Invoice History","发票历史记录"
"Invoice Totals","发票总数"
"Invoice canceling error.","发票取消出错"
"Invoice capturing error.","发票获取出错"
"Invoice voiding error.","发票撤销出错"
"Invoices","发票"
"Is Allowed","是否允许"
"Is Allowed is required field.","请选择是否允许"
"Is Closed","已关闭"
"Is Default","默认"
"Issue Number","问题编号"
"Items","项目"
"JavaScript seems to be disabled in your browser.","您的浏览器似乎禁止了 JavaScript"
"JavaScript/CSS","JavaScript/CSS"
"JavaScript/CSS Cache","JavaScript/CSS 缓存"
"Kb","Kb"
"Last 24 Hours","过去24小时"
"Last 5 Orders","最近5个订单"
"Last 5 Search Terms","最近5个搜索"
"Last 7 Days","近7天"
"Last Credit Memo Created Date","上次信用记录创建日期"
"Last Invoice Created Date","上次发票创建日期"
"Last Logged In (%s):","上次登录 (%s):"
"Last Logged In:","上次登录:"
"Last Name","姓"
"Last Name is required field.","名字必须填写"
"Last Name:","姓:"
"Last updated: %s. To refresh last day\'s <a href=""%s"">statistics</a>, click <a href=""%s"">here</a>.","上次更新: %s. 刷新最近一天的 <a href=""%s"">状态</a>, 点击 <a href=""%s"">这里</a>."
"Latest Message:","最新信息:"
"Layered Navigation Indices","层次式导航目录"
"Layered Navigation Indices were refreshed.","层次式导航目录已刷新"
"Leave empty to use tax identifier","允许税的标识符为空"
"Lifetime Sales","全部销售"
"Lifetime statistics have been updated.","全部销售统计分析已更新。"
"Links","链接"
"Links with associated products will retain only after saving current product.","关联产品的链接只有在保存当前产品后才能维持"
"List (default) / Grid","列表 (默认) / 网格"
"List Only","仅列表"
"Load Template","加载模板"
"Load default template","加载默认模板"
"Loading...","加载中..."
"Local Server","本地服务器"
"Local/Remote Server","本地/远程 服务器"
"Locale","区域"
"Log In","登录"
"Log Out","注销"
"Log in to Admin Panel","登录到管理面板"
"Log in to use <strong>%s</strong>","登录为 <strong>%s</strong>"
"Log into Magento Admin Page","登录到管理页面"
"Logged in as %s","登录为 %s"
"Login","登录"
"Low Stock","最低库存"
"MAJOR","主要"
"MINOR","次要"
"MS Excel XML","MS Excel XML"
"Magento Admin","Magento 管理"
"Magento Commerce - Administrative Panel","Magento Commerce 管理面板"
"Magento Connect","Magento Connect"
"Magento Connect Manager","Magento Connect Manager"
"Magento Logo","Magento Logo"
"Magento is a trademark of Magento Inc. Copyright &copy; %s Magento Inc.","Magento is a trademark of Magento Inc. Copyright &copy; %s Magento Inc."
"Magento root directory","Magento root directory"
"Magento ver. %s","Magento ver. %s"
"Magento&trade; is a trademark of Magento Inc.<br/>Copyright &copy; %s Magento Inc.","Magento&trade; is a trademark of Magento Inc.<br/>Copyright &copy; %s Magento Inc."
"Make sure that data encoding in the file is consistent and saved in one of supported encodings (UTF-8 or ANSI).","确保编码一致并使用支持的编码方式保存(utf-8 或 NASI)"
"Manage Attribute Sets","管理属性集"
"Manage Attributes","管理属性"
"Manage Categories","管理类别"
"Manage Content","管理内容"
"Manage Currency Rates","管理汇率"
"Manage Customers","管理客户"
"Manage Options (values of your attribute)","管理选项 (属性中的值)"
"Manage Ratings","管理评级"
"Manage Stores","管理店铺"
"Manage Tax Rules","管理税收规则"
"Manage Tax Zones and Rates","管理区域税收和利率"
"Manage Titles (Size, Color, etc.)","管理标题 (尺寸, 颜色, 等)"
"Manual","手工"
"Mass Product Assignment","产品分配"
"Matched Expression","表达式匹配"
"Maximum sender name length is 255. Please correct your settings.","最大发送者名字长度是255。请正确设置。"
"Mb","Mb"
"Media (.avi, .flv, .swf)","Media (.avi, .flv, .swf)"
"Media storages synchronization has completed!","媒体存储同步完成!"
"Messages Inbox","收件箱"
"Month","月"
"Most Viewed","最受欢迎"
"Most Viewed Products","最受关注产品"
"Move to bottom","移到底部"
"Move to top","移到顶部"
"Multiple Select","多选"
"My Account","我的账户"
"My Applications","我的应用"
"N/A","N/A"
"NOTICE","注意"
"Name","名称"
"Name on Card","持卡人姓名"
"Name on the Card: %s","持卡人姓名: %s"
"Name:","名称:"
"Never (production)","从未"
"New ","新 "
"New API Key","新 API Key"
"New Accounts","新账户"
"New Attribute","新属性"
"New Block","新块"
"New Category","新分类"
"New Class","新类"
"New Condition","新条件"
"New Custom Variable","新的自定义变量"
"New Customer","新客户"
"New Customers","新客户"
"New Design Change","新设计变动"
"New Email Template","新邮件模板"
"New Group","新组"
"New Invoice","新发票"
"New Item Type","新项目类型"
"New Memo","新纪录"
"New Memo for #%s"," #%s 的新纪录"
"New Page","新页面"
"New Password","新密码"
"New Poll","新投票"
"New Profile","新配置"
"New Rate","新比例"
"New Rating","新评级"
"New Review","新评论"
"New Role","新角色"
"New Rule","新规则"
"New Search","新搜索"
"New Set","新集合"
"New Shipment","新运单"
"New Sitemap","新站点地图"
"New Store View","新店铺视图"
"New System Template","新系统模板"
"New Tag","新标签"
"New Template","新模板"
"New User","新用户"
"New Variable","新变量"
"New Website","新网站"
"New attribute set mapping","新的属性集映射"
"New block","新块"
"New password field cannot be empty.","新密码不能为空。"
"Newsletter","新闻邮件"
"Newsletter Problems","新闻邮件问题"
"Newsletter Queue","新闻邮件队列"
"Newsletter Subscribers","新闻邮件订阅者"
"Newsletter Templates","新闻邮件模板"
"Next month (hold for menu)","下个月 (按下可打开菜单)"
"Next year (hold for menu)","明年 (按下可打开菜单)"
"No","否"
"No (price without tax)","否 (不含税价格)"
"No Data","无数据"
"No Data Found","数据为未找到"
"No Products","没有产品"
"No Templates Found","模板未找到"
"No change","无变动"
"No customer id defined.","未找到客户id"
"No information available.","没有可用信息"
"No profile loaded...","未加载配置文件..."
"No records found for this period.","这期间没有找到记录。"
"No records found.","未找到纪录。"
"No report code specified.","未指定报告的代码。"
"No search keywords.","无搜索关键字。"
"No search modules were registered","未注册搜索模块"
"No wishlist item id defined.","心愿单id未定义"
"None","无"
"Not allowed","不允许"
"Note:","注意:"
"Notes","注意"
"Notifications","通知"
"Number of Orders","订单数量"
"Number of Uses","用户数量"
"Number of Views","浏览次数"
"Number of records:","记录数量:"
"OAuth Consumers","OAuth 客户"
"OAuth authorization for admin","OAuth authorization for admin"
"OAuth authorization simple for admin","OAuth authorization simple for admin"
"OK","确定"
"Old rate:","原始比例:"
"Once you log into your PayPal Advanced account, navigate to the Service Settings - Hosted Checkout Pages - Set Up menu and set the options described below","一旦你登录到您的PayPal高级帐户，导航到服务设置 - 托管结帐页面 - 设置菜单并设置下列选项"
"Once you log into your PayPal Payflow Link account, navigate to the Service Settings - Hosted Checkout Pages - Set Up menu and set the options described below","一旦你登录到您的PayPal Payflow链接账户，导航到服务设置 - 托管结帐页面 - 设置菜单并设置下列选项"
"One or more media files failed to be synchronized during the media storages syncronization process. Refer to the log file for details.","一个或多个媒体文件未能在媒体存储器同步过程进行同步。详情请参阅日志文件。"
"One or more of the Cache Types are invalidated:","一个或多个高速缓存的类型无效:"
"Online Customers","在线顾客"
"Only Once (version upgrade)","仅一次 (版本升级)"
"Only attributes with scope ""Global"", input type ""Dropdown"" and Use To Create Configurable Product ""Yes"" are available.","只有范围为global，输入类型为dropdown，并允许用户创建可配置产品的属性可以使用"
"Only mapped fields","只映射字段"
"Optional","可选"
"Options","选项"
"Options is required","选项是必需的"
"Options: ","选项: "
"Order","订单"
"Order #%s","订单 #%s"
"Order #%s (%s)","订单 #%s (%s)"
"Order Created Date","订单创建日期"
"Order ID","订单 ID"
"Order Totals","订单总数"
"Order Updated Date","订单更新日期"
"Order Updated Date report is real-time, does not need statistics refreshing.","订单报告是实时更新的，不需要刷新状态。"
"Orders","订单"
"Original Magento attribute names in first row:","原始属性名位于第一行:"
"Out of stock","缺货"
"PDT (Payment Data Transfer) Only","仅支持PDT (付款数据传输)"
"Package Extensions","扩展包"
"Pages","页面"
"Parent Product Thumbnail","父产品缩略图"
"Parent Transaction ID","夫交易ID"
"Passive mode","主动模式"
"Password","密码"
"Password Confirmation","密码确认"
"Password confirmation must be same as password.","2次密码输入不一致"
"Password must be at least of %d characters.","密码必须至少为 %d 个字符。"
"Password must include both numeric and alphabetic characters.","密码必须包换数字和字母字符。"
"Password:","密码:"
"Path:","路径:"
"Payment method instance is not available.","付款实例不可用。"
"Payment method is not available.","付款方式不可用。"
"Payment method must be specified.","必须指定付款方式。"
"Pending Reviews","待评论"
"Pending Tags","待标记"
"Per Item","每商品"
"Per Order","每订单"
"Percent","百分之"
"Performed At","执行于"
"Period","周期"
"Permanent (301)","永久 (301)"
"Permissions","权限"
"Personal Information","个人信息"
"Phone:","电话:"
"Please Select","请选择"
"Please confirm site switching. All data that hasn\'t been saved will be lost.","请确认网站参数。所有未保存数据都将丢失。"
"Please enter 6 or more characters.","请输入6个或更多字符。"
"Please enter a number greater than 0 in this field.","请输入大于0的数字"
"Please enter a valid $ amount. For example $100.00.","请输入有效金额， 例如 100"
"Please enter a valid URL. For example http://www.example.com or www.example.com","请输入有效的URL，例如 http://www.example.com 或 www.example.com"
"Please enter a valid URL. http:// is required","请输入有效的URL ，已http://开头"
"Please enter a valid credit card number.","请输入有效的信用卡卡号"
"Please enter a valid date.","请输入有效的日期"
"Please enter a valid email address. For example johndoe@domain.com.","请输入有效的邮箱地址，例如 johndoe@domain.com."
"Please enter a valid email.","请输入有效的邮箱地址。"
"Please enter a valid number in this field.","请输入有效的数字。"
"Please enter a valid phone number. For example (123) 456-7890 or 123-456-7890.","请输入有效的电话号码，例如 (400) 456-7890 或 123-456-7890."
"Please enter a valid social security number. For example 123-45-6789.","请输入有效的社会安全号码，例如 123-45-6789."
"Please enter a valid value from list","请输入列表中的有效值"
"Please enter a valid value, ex: 10,20,30","请输入有效值, 例如: 10,20,30"
"Please enter a valid zip code.","请输入有效的邮编"
"Please enter a valid zip code. For example 90602 or 90602-1234.","请输入有效邮编，例如 90602 或 90602-1234."
"Please enter another credit card number to complete your purchase.","请输入另一个信用卡号码来完成你的购买。"
"Please enter password","请输入密码"
"Please enter password to confirm rollback.","请输入密码以撤销操作"
"Please enter valid password.","请输入有效的密码。"
"Please make sure that all global admin search modules are installed and activated.","请确认已安装搜索模块并且已经启用。"
"Please make sure that your changes were saved before running the profile.","允许配置之前请确认所有更改已保存。"
"Please make sure your passwords match.","请确保密码匹配"
"Please note, this category is set to automatically sort. Any drag-and-drop positions will be reset.","请注意,此类别设置为自动排序。任何拖放的位置将被重置。"
"Please select State/Province.","请选择州/省"
"Please select a customer.","请选择一位顾客"
"Please select a store.","请选择一个店铺"
"Please select an option.","请选择一个选项。"
"Please select catalog searches.","请选择目录搜索。"
"Please select customer(s).","请选择顾客"
"Please select message(s).","请选择信息"
"Please select one of the above options.","请选择上列选项中的一个。"
"Please select one of the options.","请选择下列中的一个选项"
"Please select review(s).","请选择评论"
"Please select tag(s).","请选择标签"
"Please specify backup creation options","请指定备份创建选项"
"Please specify the admin custom URL.","请指定管理员自定义URL。"
"Please try to logout and sign in again.","请重新登录。"
"Please type the letters from the image:","请输入图片中的字母:"
"Please use in this field only ""a-z,0-9,_"".","只能使用 ""a-z,0-9,_""."
"Please use letters only (a-z) in this field.","只能使用字母"
"Please use numbers only in this field. Please avoid spaces or other characters such as dots or commas.","请在该字段使用数字，请避免空格，点，逗号等特殊字符。"
"Please use only letters (a-z or A-Z), numbers (0-9) or spaces in this field.","请在该字段使用字母，数字或空格。"
"Please use only letters (a-z) or numbers (0-9) only in this field. No spaces or other characters are allowed.","请在该字段是一字母或数字，不能使用空格或其它字符。"
"Please use only letters (a-z) or numbers (0-9) or spaces and # only in this field.","请在该字段使用字母或数字或空格以及#"
"Please use this date format: dd/mm/yyyy. For example 17/03/2006 for the 17th of March, 2006.","请输入有效的日期格式dd/mm/yyy，例如：19/07/2016"
"Please wait","请稍后"
"Please wait while the indexes are being refreshed.","索引正在刷新，请等待。"
"Please wait, loading...","请稍后, 正在加载..."
"Please wait...","请稍后..."
"Please, add some answers to this poll first.","请先给投票添加一些答案。"
"Please, select ""Visible in Stores"" for this poll first.","请首先为该投票选择店铺中可见。"
"Poll Manager","投票管理"
"Polls","投票"
"Popular","流行"
"Position","位置"
"Position of Watermark for %s"," %s 的水印位置"
"Pregenerated configurable swatches image files.","预生成可配置样板的图片文件。"
"Pregenerated product images files.","预生成产品图像文件。"
"Prev. month (hold for menu)","上个月"
"Prev. year (hold for menu)","去年"
"Preview","预览"
"Preview Template","预览模板"
"Price","价格"
"Price alert subscription was saved.","价格警报订阅已保存。"
"Price:","价格:"
"Processed <strong>%s%% %s/%d</strong> records","已处理 <strong>%s%% %s/%d</strong> 条记录"
"Processing","处理中"
"Product","产品"
"Product Name","产品名"
"Product Reviews","产品评论"
"Product Tax Classes","产品税率"
"Product Thumbnail Itself","产品缩略图"
"Product is not loaded.","产品未加载"
"Product not available in this website","本网站无法提供的产品"
"Product:","产品:"
"Products","产品"
"Products Bestsellers Report","产品热卖报表"
"Products Most Viewed Report","产品最多浏览报表"
"Products Ordered","订购产品"
"Products in Carts","购物车中商品"
"Profile Action","配置文件操作"
"Profile Actions XML","配置文件操作 XML"
"Profile Direction","配置说明"
"Profile History","配置文件历史"
"Profile Information","配置文件信息"
"Profile Name","配置文件名称"
"Profile Payments","配置文件支付"
"Profile Schedule","配置文件计划"
"Profile Wizard","配置文件向导"
"Profiles","配置文件"
"Promo","促销"
"Promotions","促销"
"Purchased Item","已购买商品"
"Put store on the maintenance mode while backup creation","创建备份时，店铺将进入维护模式。"
"Put store on the maintenance mode while rollback processing","进行回滚操作时，店铺将进入维护模式。"
"Quantity","数量"
"Queue Refresh","队列刷新"
"Queued... Cancel","已加入队列... 取消"
"REST Roles","REST 规则"
"Radio Buttons","单项按钮"
"Rates","费率"
"Read details","查看详情"
"Rebuild","重建"
"Rebuild Catalog Index","重建分类索引"
"Rebuild Flat Catalog Category","重建平面目录分类"
"Rebuild Flat Catalog Product","重建平面目录产品"
"Recent Orders","近期订单"
"Recent statistics have been updated.","最近的统计数据已更新。"
"Recurring Profile View","重复的配置文件视图"
"Recursive Dir","递归目录"
"Redirect","重定向"
"Reference","参考"
"Reference ID","参考 ID"
"Refresh","刷新"
"Refresh Now*","立即刷新*"
"Refresh Roles","刷新角色"
"Refresh Statistics","刷新统计数据"
"Region/State","地区/州"
"Regular Price:","常规价格:"
"Reject","拒绝"
"Reject token authorization Pop Up for admin","拒绝令牌授权管理（弹出窗口）"
"Reject token authorization for admin","拒绝令牌授权管理"
"Rejection Of Authorization","拒绝授权"
"Release","发布"
"Release Stability","发布稳定版本"
"Release Version","发布版本号"
"Reload captcha","刷新验证码"
"Remote FTP","远程 FTP"
"Remove","删除"
"Reports","报告"
"Request Path","请求路径"
"Required","必须"
"Reset","重置"
"Reset Filter","重置筛选"
"Reset Password","重置密码"
"Reset a Password","重置密码"
"Resize","调整大小"
"Resource Access","资源访问"
"Resources","资源"
"Results","结果"
"Retrieve Password","找回密码"
"Return Html Version","返回html版本"
"Revenue","收入"
"Reviews","评论"
"Reviews and Ratings","评论与评分"
"Rewrite Rules","重写规则"
"Role ID","角色ID"
"Role Info","角色信息"
"Role Information","角色信息"
"Role Name","角色名称"
"Role Resources","角色资源"
"Role Users","角色用户"
"Roles","角色"
"Roles Resources","角色资源"
"Root Category","根目录"
"Rotate CCW","轮换 CCW"
"Rotate CW","轮换 CW"
"Run","运行"
"Run Profile","运行配置文件"
"Run Profile Inside This Window","本窗口运行配置文件"
"Run Profile in Popup","新窗口运行配置文件"
"Running... Kill","正在运行...结束"
"SKU","SKU"
"SKU:","SKU:"
"SSL Error: Invalid or self-signed certificate","SSL 错误: 无效的或自签名证书"
"Sales","销售"
"Sales Report","销售报告"
"Samples","样本"
"Save","保存"
"Save & Generate","保存并生成"
"Save Account","保存账户"
"Save Block","保存块"
"Save Cache Settings","保存缓存设置"
"Save Config","保存配置"
"Save Currency Rates","保存汇率"
"Save Profile","保存配置文件"
"Save Role","保存角色"
"Save Template","保存模板"
"Save User","保存用户"
"Save Variable","保存变量"
"Save and Continue Edit","保存并继续编辑"
"Search","搜索"
"Search Index","搜索索引"
"Search Term","搜索条件"
"Search Terms","搜索条件"
"Search entire store here...","搜索整个商店..."
"Searching...","正在搜索..."
"Select","选择"
"Select All","选择全部"
"Select Category","选择分类"
"Select Date","选择日期"
"Select Range","选择范围"
"Select date","选择日期"
"Selected allowed currency ""%s"" is not available in installed currencies.","选择的允许币种 ""%s"" 不熟与可用币种"
"Selected base currency is not available in installed currencies.","选择的币种不可用"
"Selected default display currency is not available in allowed currencies.","选择默认显示允许货币的汇率是不可用的。"
"Selected default display currency is not available in installed currencies.","选择安装的默认显示货币不是可用货币。"
"Self-assigned roles cannot be deleted.","自定角色不能删除。"
"Sender","发送方"
"Separate Email","单独的邮件"
"Shipment #%s comment added","运单 #%s 添加了评论"
"Shipment #%s created","运单 #%s 已创建"
"Shipment Comments","运单评论"
"Shipment History","运单历史"
"Shipments","发货"
"Shipping","运送"
"Shipping Address","送货地址"
"Shipping Address: ","送货地址: "
"Shipping Origin","发货地址"
"Shipping Price","运费"
"Shipping address selection is not applicable","送货地址不适用"
"Shipping method must be specified.","必须指定运送方式"
"Shipping method selection is not applicable","送货方式选择不适用"
"Shopping Cart","购物车"
"Shopping Cart Price Rules","购物车价格规则"
"Shopping Cart from %s","%s 的购物车"
"Show By","显示条件"
"Show Report For:","显示报告:"
"Show Reviews","显示评论"
"Sitemap Information","站点地图信息"
"Size for %s","%s 的尺寸"
"Skip Category Selection","跳过分类选择"
"Some items in this order have different invoice and shipment types. You can create shipment only after the invoice is created.","该订单中的某些项目具有不同的发票和送货类型。您只能在创建发票后创建运单。"
"Some of the ordered items do not exist in the catalog anymore and will be removed if you try to edit the order.","订购的某些商品已经不再包含的分类中，如果尝试修改订单，将会被删除。"
"Sorry, this feature is coming soon...","抱歉，该功能尚未发布..."
"Sort options","排序选项"
"Special Price:","特殊价格:"
"Specific Countries","指定国家"
"Specified","已指定"
"Specified profile does not exist.","指定的配置文件不存在。"
"Spreadsheet Name:","表格名称:"
"Start Date","开始日期"
"Starting at:","从:"
"Starting profile execution, please wait...","开始执行配置文件，请稍等..."
"State/Province:","州/省:"
"Static Blocks","静态块"
"Status","状态"
"Status:","状态:"
"Stock Quantity:","库存量:"
"Stock notification was saved.","库存通知已保存。"
"Store","店铺"
"Store Email Addresses Section","店铺邮箱地址"
"Store View","店铺视图"
"Store:","店铺:"
"Storefronts : ","店铺 : "
"Stores","店铺"
"Subject","主题"
"Submit","提交"
"Subpackage cannot be conflicting.","包不能冲突"
"Subtotal","小计"
"Switch/Solo card issue number: %s","Switch/Solo card issue number: %s"
"Switch/Solo card start Date: %s/%s","Switch/Solo card start Date: %s/%s"
"Switch/Solo/Maestro Only","Switch/Solo/Maestro Only"
"Switch/Solo/Maestro(UK Domestic) Only","Switch/Solo/Maestro(UK Domestic) Only"
"Switch/Solo/Maestro(UK Domestic) card issue number: %s","Switch/Solo/Maestro(UK Domestic) card issue number: %s"
"Switch/Solo/Maestro(UK Domestic) card start Date: %s/%s","Switch/Solo/Maestro(UK Domestic) card start Date: %s/%s"
"Symbol","符号"
"Synchronization is required.","需要进行同步"
"Synchronization of media storages has been successfully completed.","媒体存储同步已完成。"
"Synchronize","同步"
"Synchronizing %s to %s","同步 %s 到 %s"
"Synchronizing...","正在同步..."
"System","系统"
"System Section","系统区域"
"System busy","系统繁忙"
"Tags","标签"
"Target Path","目标路径"
"Tax","传真"
"Tb","Tb"
"Template","模板"
"Template Content","模板内容"
"Template Information","模板信息"
"Template Name","模板名称"
"Template Styles","模板风格"
"Template Subject","模板主题"
"Template Type","模板类型"
"Temporary (302)","临时 (302)"
"Terms and Conditions","条款和条件"
"Text","文件"
"The Catalog Rewrites were refreshed.","目录重写规则已刷新。"
"The CatalogInventory Stock Status has been rebuilt.","库存状态已重建。"
"The Comment Text field cannot be empty.","评论内容不能为空。"
"The Flat Catalog Product was rebuilt","flat分类产品已重建。"
"The JavaScript/CSS cache has been cleaned.","JavaScript/CSS 缓存已清空。"
"The JavaScript/CSS cache has been cleared.","JavaScript/CSS缓存已清空。"
"The Layered Navigation indexing has been queued.","分层导航索引已加入队列。"
"The Layered Navigation indexing queue has been canceled.","分层导航索引队列已被删除。"
"The Layered Navigation indices were refreshed.","分层导航目录已刷新。"
"The Layered Navigation process has been queued to be killed.","已加入队列的分层导航进程将被终止。"
"The Magento cache storage has been flushed.","Magento缓存存储已清理。"
"The URL Rewrite has been deleted.","URL重写已被删除。"
"The URL Rewrite has been saved.","URL重写已保存。"
"The account has been saved.","账户已保存。"
"The archive can be uncompressed with <a href=""%s"">%s</a> on Windows systems"," Winnwods系统下存档解压缩可以使用<a href=""%s"">%s</a>"
"The attribute set has been removed.","属性集已删除。"
"The backup's creation process will take time.","备份创建过程需要一些时间。"
"The billing agreement has been canceled.","账单协议已取消。"
"The billing agreement has been deleted.","账单协议已删除。"
"The block has been saved.","块已保存。"
"The cache storage has been flushed.","缓存存储已清理。"
"The carrier needs to be specified.","需要指定承运人。"
"The catalog index has been rebuilt.","分类索引已重建。"
"The catalog rewrites have been refreshed.","目录重写已经刷新。"
"The configurable swatches image cache was cleaned.","可配置的色板图片缓存已清理。"
"The configuration has been saved.","配置已保存。"
"The credit memo has been canceled.","信用记录已取消。"
"The credit memo has been created.","信用记录已创建。"
"The credit memo has been voided.","信用记录已作废。"
"The custom variable has been deleted.","自定义变量已删除。"
"The custom variable has been saved.","自定义变量已保存。"
"The customer has been deleted.","客户已删除。"
"The customer has been saved.","客户已保存。"
"The design change has been deleted.","设计变动已删除。"
"The design change has been saved.","设计变动已保存。"
"The email address is empty.","邮箱地址不能为空。"
"The email template has been deleted.","邮件模板已删除。"
"The email template has been saved.","邮件模板已保存。"
"The flat catalog category has been rebuilt.","平面目录已重建。"
"The group node name must be specified with field node name.","必须指定组节点名称和节点名称的字段。"
"The image cache was cleaned.","图片缓存已清空。"
"The image cache was cleared.","图片缓存已清理。"
"The invoice and shipment have been created.","发票和运送已创建。"
"The invoice and the shipment  have been created. The shipping label cannot be created at the moment.","发票和运送已创建。目前无法更改发货标签。"
"The invoice has been canceled.","发票已取消。"
"The invoice has been captured.","发票已捕获。"
"The invoice has been created.","发票已创建。"
"The invoice has been voided.","发票已作废。"
"The invoice no longer exists.","发票不存在。"
"The item %s (SKU %s) does not exist in the catalog anymore.","项目 %s (SKU %s) 不在任何分类中。"
"The order does not allow creating an invoice.","该订单不允许创建发票。"
"The order no longer exists.","该订单已不存在。"
"The poll has been deleted.","投票已删除。"
"The poll has been saved.","投票已保存。"
"The profile has been deleted.","个人资料已删除。"
"The profile has been saved.","个人资料已保存。"
"The profile has been updated.","个人资料已更新。"
"The profile has no changes.","个人资料无变化。"
"The profile you are trying to save no longer exists","尝试保存的配置文件不存在。"
"The rating has been deleted.","评分已被删除。"
"The rating has been saved.","评分已保存。"
"The role has been deleted.","角色已被删除。"
"The role has been saved.","角色已保存。"
"The role has been successfully saved.","角色保存成功。"
"The roles have been refreshed.","该角色已经被刷新。"
"The search index has been rebuilt.","搜索索引已重建。"
"The shipment has been created.","货物已创建。"
"The shipment has been sent.","货物已发送。"
"The shipping label has been created.","送货标签已创建。"
"The tag has been deleted.","标签已被删除。"
"The tag has been saved.","标签已保存。"
"The transaction details have been updated.","已更新交易详情。"
"The user has been deleted.","用户已删除。"
"The user has been saved.","用户已保存。"
"The variable has been saved.","变量已保存。"
"Themes JavaScript and CSS files combined to one file.","合并 JavaScript 和 CSS 到一个文件。"
"There is an error in one of the option rows.","该选择之一出现出现错误。"
"This Account is","该账户为"
"This Email template no longer exists.","邮件模板不存在。"
"This Role no longer exists","角色不存在"
"This Role no longer exists.","角色不存在。"
"This account is","该账户为"
"This account is inactive.","账户为激活。"
"This action cannot be undone.","该操作不可撤销。"
"This attribute set does not have attributes which we can use for configurable product","该属性集不具有我们可用于可配置产品的属性"
"This attribute shares the same value in all the stores","该属性在所有商店中共享同样的数值"
"This block no longer exists.","块不存在"
"This category is set to only include products matched by rules","这个类别设置为只包括产品匹配规则"
"This is a demo store. Any orders placed through this store will not be honored or fulfilled.","这是演示商店。任何订单通过这家商店不会兑现或履行。"
"This is a required field.","这是必填字段。"
"This product is currently disabled.","该产品被禁用"
"This report depends on timezone configuration. Once timezone is changed, the lifetime statistics need to be refreshed.","该报告取决于时区配置，一旦时区发生变更，有效期统计数据即需要被刷新。"
"This section is not allowed.","该单元不被允许。"
"This user no longer exists.","该用户不存在。"
"This variable no longer exists.","变量不存在"
"Time","时间"
"Time selection:","时间选择:"
"Time:","时间:"
"Timeout limit for response from synchronize process was reached.","同步操作中的响应超过限制"
"To","发送至"
"To cancel pending authorizations and release amounts that have already been processed during this payment, click Cancel.","To cancel pending authorizations and release amounts that have already been processed during this payment, click Cancel."
"To use PayPal Payflow Link, you must configure your PayPal Payflow Link account on the PayPal website.","To use PayPal Payflow Link, you must configure your PayPal Payflow Link account on the PayPal website."
"To use PayPal Payments Advanced, you must configure  your PayPal Payments Advanced account on the PayPal website.","To use PayPal Payments Advanced, you must configure  your PayPal Payments Advanced account on the PayPal website."
"Toggle Editor","切换编辑器"
"Tools","工具"
"Top 5 Search Terms","前5位搜索条件"
"Total","总数"
"Total Invoiced","发票总数"
"Total Order Amount","订单总数"
"Total Refunded","退款总数"
"Total of %d record(s) have been deleted.","共删除 %d 条记录。"
"Total of %d record(s) have been updated.","共更新 %d 条记录。"
"Total of %d record(s) were canceled.","共取消 %d 条记录"
"Total of %d record(s) were deleted","共删除 %d 条记录。"
"Total of %d record(s) were deleted.","共删除 %d 条记录。"
"Total of %d record(s) were updated","共更新 %d 条记录。"
"Total of %d record(s) were updated.","共更新 %d 条记录。"
"Track Order","追踪订单"
"Track this shipment","追踪该运单"
"Tracking number %s for %s assigned","为 %s 分配的追踪号 %s"
"Tracking number cannot be empty.","追踪号不能为空。"
"Transaction Data","交易数据"
"Transaction Details","交易详情"
"Transaction ID","交易ID"
"Transaction Type","交易类型"
"Transactional Emails","交易邮件"
"Transactions","交易"
"Type","类型"
"Type:","类型:"
"URL Rewrite","URL重写"
"URL Rewrite Information","URL重写信息"
"URL Rewrite Management","URL重写管理"
"Unable to cancel the credit memo.","无法取消信用记录。"
"Unable to find a Email Template to delete.","无法找到要删除的邮件模板。"
"Unable to find a block to delete.","无法找到要删除的块。"
"Unable to find a poll to delete.","无法找到要删除的投票。"
"Unable to find a tag to delete.","无法找到要删除的标签。"
"Unable to find a user to delete.","无法找到要删除的用户。"
"Unable to find a variable to delete.","无法找到要删除的变量。"
"Unable to initialize import model","无法初始化导入模块。"
"Unable to refresh lifetime statistics.","无法刷新所有统计数据。"
"Unable to refresh recent statistics.","无法刷新最近统计数据。"
"Unable to save Cron expression","无法保存Cron表达式"
"Unable to save the cron expression.","无法保存Cron表达式。"
"Unable to save the invoice.","无法保存发票"
"Unable to send the invoice email.","无法发送发票邮件。"
"Unable to send the shipment email.","无法发送运送邮件。"
"Unable to update transaction details.","无法更新交易详情。"
"Unable to void the credit memo.","无法作废信用记录。"
"Unknown","未知"
"Unlimited","无限"
"Update","更新"
"Updated At","更新于"
"Upload File","上传文件"
"Upload Files","上传文件"
"Upload HTTP Error","上传HTTP错误"
"Upload I/O Error","上传 I/O 错误"
"Upload Security Error","上传安全错误"
"Upload import file","上传导入文件"
"Uploaded file is larger than %.2f kilobytes allowed by server","上传文件过大，超过服务器许可值 %.2f kilobytes"
"Use All Available Attributes","使用全部可用属性"
"Use Config Settings","使用配置设置"
"Use Default","使用默认值"
"Use Default Value","使用默认值"
"Use Default Variable Values","使用默认变量值"
"Use FTP Connection","使用FTP连接"
"Use Website","使用网站"
"Used Currently For","当前用于"
"Used as Default For","用作默认值"
"User Email","用户邮件"
"User ID","用户ID"
"User Info","用户信息"
"User Information","用户信息"
"User Name","用户名"
"User Name is required field.","用户名是必须的。"
"User Name:","用户名:"
"User Password","用户密码"
"User Role","用户角色"
"User Roles","用户角色"
"User Roles Information","用户角色信息"
"User Type Resources","用户类型的资源"
"User name","用户名"
"Users","用户"
"Utilities","工具"
"VAT Number is Invalid","VAT 号码无效"
"VAT Number is Valid","VAT 号码有效"
"Validation Results","验证结果"
"Value","值"
"Value Delimiter:","界定符:"
"Variable","变量"
"Variable Code","变量代码"
"Variable Details","变量详情"
"Variable HTML Value","变量HTML值"
"Variable ID","变量ID"
"Variable Name","变量名称"
"Variable Name is incorrect.","变量名称不正确"
"Variable Name is required field.","变量名称必填。"
"Variable Plain Value","变量文本值"
"Variable has been deleted.","变量已删除"
"Variables","变量"
"Verifier code: %s","验证码: %s"
"View Actions XML","视图操作 XML"
"View Full Size","查看完整尺寸"
"View Memo","查看记录"
"View Memo for #%s","查看 #%s 的记录"
"View Shipment","查看运送"
"View Statistics For:","查看统计:"
"Visibility:","可见性:"
"Warning","警告"
"Warning! Empty value can cause problems with CSV format.","警告！空值将导致CSV格式出问题。"
"Warning!\r\nThis action will remove this user from already assigned role\r\nAre you sure?","警告！\r\n该操作会将用户从已分配的角色中删除\r\n是否继续？"
"Warning!\r\nThis action will remove those users from already assigned roles\r\nAre you sure?","警告！\r\n该操作将从已分配的角色中将这些用户删除\r\n您是否真要这样做？"
"Warning: Please do not close the window during importing/exporting data","警告！请不要在导入/导出数据过程中关闭该窗口"
"Watermark File for %s","%s 的水印文件"
"We appreciate our merchants\' feedback, please <a href=""#"" onclick=""surveyAction(\'yes\'); return false;"">take our survey</a> to provide insight on the features you would like included in Magento. <a href=""#"" onclick=""surveyAction(\'no\'); return false;"">Remove this notification</a>","We appreciate our merchants\' feedback, please <a href=""#"" onclick=""surveyAction(\'yes\'); return false;"">take our survey</a> to provide insight on the features you would like included in Magento. <a href=""#"" onclick=""surveyAction(\'no\'); return false;"">Remove this notification</a>"
"We\'re in our typing table, coding away more features for Magento. Thank you for your patience.","We\'re in our typing table, coding away more features for Magento. Thank you for your patience."
"Web Section","Web区域"
"Web Services","Web服务"
"Web services","Web服务"
"Website","网站"
"What is this?","这是什么?"
"Wishlist Report","心愿单报告"
"Wishlist item is not loaded.","心愿单未被加载。"
"Wrong account specified.","指定的账户有误。"
"Wrong billing agreement ID specified.","指定的账单协议id有误。"
"Wrong column format.","栏格式有误。"
"Wrong newsletter template.","错误的新闻邮件模板。"
"Wrong quote item.","引用项有误。"
"Wrong tab configuration.","选项卡配置有误。"
"Wrong tag was specified.","指定的选项卡有误。"
"Wrong transaction ID specified.","指定的交易ID有误。"
"XML","XML"
"XML data is invalid.","XML数据无效。"
"XML object is not instance of ""Varien_Simplexml_Element"".","XML object is not instance of ""Varien_Simplexml_Element""."
"YTD","YTD"
"Year","年"
"Yes","是"
"Yes (301 Moved Permanently)","是 (301 永久)"
"Yes (302 Found)","是 (302 临时)"
"Yes (only price with tax)","是 (只显示含税价格)"
"You cannot delete your own account.","您无法删除自己的账户。"
"You have %s unread message(s).","你有 %s 条未读消息。"
"You have %s unread message(s). <a href=""%s"">Go to messages inbox</a>.","您有 %s 条未读信息. <a href=""%s"">进入收件箱</a>."
"You have %s, %s and %s unread messages. <a href=""%s"">Go to messages inbox</a>.","你有 %s, %s 以及 %s 未读信息 <a href=""%s"">进入收件箱</a>."
"You have logged out.","您已注销。"
"You have not enough permissions to use this functionality.","您没有使用该功能所需的权限"
"You must have JavaScript enabled in your browser to utilize the functionality of this website.","您必须在浏览器中启用Javascript才能使用本网站的功能。"
"You need to specify order items.","您必须指定订单项。"
"You will need to wait when the action ends.","该行为终止时需要等待。"
"Your answers contain duplicates.","您的回答包含重复内容。"
"Your password has been updated.","您的密码已更新。"
"Your password reset link has expired.","您的密码重置链接已过期。"
"Your server PHP settings allow you to upload files not more than %s at a time. Please modify post_max_size (currently is %s) and upload_max_filesize (currently is %s) values in php.ini if you want to upload larger files.","您的服务器PHP设置您可以同时上传不超过 %s 个文件。"
"Your web server is configured incorrectly. As a result, configuration files with sensitive information are accessible from the outside. Please contact your hosting provider.","您的Web服务器配置有误。因此，包含敏感信息的配置文件将能从外部访问。请联系您的主机托管商。"
"Zip/Postal Code","邮政编码"
"Zip/Postal Code:","邮政编码:"
"[ deleted ]","[ 已删除 ]"
"[GLOBAL]","[全局]"
"[STORE VIEW]","[店铺视图]"
"[WEBSITE]","[网站]"
"b","b"
"close","关闭"
"critical","重要"
"example: ""sitemap/"" or ""/"" for base path (path must be writeable)","example: ""sitemap/"" or ""/"" for base path (path must be writeable)"
"example: sitemap.xml","example: sitemap.xml"
"failed","失败"
"from","来自"
"major","主要"
"minor","次要"
"notice","注意"
"store(%s) scope","店铺(%s) 范围"
"successful","成功"
"to","至"
"website(%s) scope","网站(%s) 范围"
"{{base_url}} is not recommended to use in a production environment to declare the Base Unsecure URL / Base Secure URL. It is highly recommended to change this value in your Magento <a href=""%s"">configuration</a>.","不建议在生产环境中使用{{base_url}}检测 Base Unsecure URL / Base Secure URL.强烈建议在 <a href=""%s"">配置</a>中更改该值。"
